@CO	shape:(6,)
@CO	dtype:float64
VALUE_0
0.5676298903025186
0.5429711900197657
0.9515912067443977
1.1345317025841672
-0.4899856292235363
-0.3412260083125718
