@CO	shape:(6,)
@CO	dtype:float64
VALUE_0
0.011385355231155452
0.012201308142575473
0.01150711537209275
0.010871854586245433
0.012699766796547116
0.01232279143870249
